{
  "pixel_coords": [
    [
      100,
      100
    ],
    [
      500,
      300
    ],
    [
      800,
      600
    ]
  ],
  "latlon_coords": [
    [
      45.17005988023952,
      -0.9788391777509069
    ],
    [
      45.11017964071856,
      -0.8941958887545345
    ],
    [
      45.02035928143713,
      -0.8307134220072552
    ]
  ],
  "chart_bounds": {
    "north": 45.2,
    "south": 44.5,
    "east": -0.3,
    "west": -1.0
  },
  "image_dimensions": {
    "width": 3308,
    "height": 2338
  },
  "scale_factors": {
    "lat_scale": 0.0002994011976047916,
    "lon_scale": 0.00021160822249093107
  }
}